{
  "fio version" : "fio-3.7",
  "timestamp" : 1531030199,
  "timestamp_ms" : 1531030199726,
  "time" : "Sat Jul  7 23:09:59 2018",
  "global options" : {
    "ioengine" : "posixaio",
    "rw" : "readwrite",
    "size" : "1g",
    "directory" : "/Users/xweichu/Desktop/fio",
    "thread" : "1"
  },
  "jobs" : [
    {
      "jobname" : "trivial-readwrite-1g",
      "groupid" : 0,
      "error" : 0,
      "eta" : 0,
      "elapsed" : 4,
      "read" : {
        "io_bytes" : 536739840,
        "io_kbytes" : 524160,
        "bw_bytes" : 157725489,
        "bw" : 154028,
        "iops" : 38507.199530,
        "runtime" : 3403,
        "total_ios" : 131040,
        "short_ios" : 0,
        "drop_ios" : 0,
        "slat_ns" : {
          "min" : 1354,
          "max" : 521646,
          "mean" : 2154.091903,
          "stddev" : 2531.114076
        },
        "clat_ns" : {
          "min" : 1813,
          "max" : 3332866,
          "mean" : 8540.449519,
          "stddev" : 24294.521724,
          "percentile" : {
            "1.000000" : 2256,
            "5.000000" : 2512,
            "10.000000" : 7200,
            "20.000000" : 8032,
            "30.000000" : 8256,
            "40.000000" : 8384,
            "50.000000" : 8512,
            "60.000000" : 8640,
            "70.000000" : 8768,
            "80.000000" : 9024,
            "90.000000" : 9408,
            "95.000000" : 9920,
            "99.000000" : 13376,
            "99.500000" : 17536,
            "99.900000" : 69120,
            "99.950000" : 88576,
            "99.990000" : 1466368
          }
        },
        "lat_ns" : {
          "min" : 6122,
          "max" : 3338187,
          "mean" : 10694.541422,
          "stddev" : 24409.759832
        },
        "bw_min" : 147025,
        "bw_max" : 158642,
        "bw_agg" : 99.805879,
        "bw_mean" : 153729.000000,
        "bw_dev" : 4225.195001,
        "bw_samples" : 6,
        "iops_min" : 36756,
        "iops_max" : 39660,
        "iops_mean" : 38432.000000,
        "iops_stddev" : 1056.300715,
        "iops_samples" : 6
      },
      "write" : {
        "io_bytes" : 537001984,
        "io_kbytes" : 524416,
        "bw_bytes" : 157802522,
        "bw" : 154104,
        "iops" : 38526.006465,
        "runtime" : 3403,
        "total_ios" : 131104,
        "short_ios" : 0,
        "drop_ios" : 0,
        "slat_ns" : {
          "min" : 1402,
          "max" : 1892196,
          "mean" : 2191.299785,
          "stddev" : 7333.241134
        },
        "clat_ns" : {
          "min" : 1786,
          "max" : 3191813,
          "mean" : 11901.511678,
          "stddev" : 46873.869376,
          "percentile" : {
            "1.000000" : 2736,
            "5.000000" : 7584,
            "10.000000" : 9664,
            "20.000000" : 10304,
            "30.000000" : 10432,
            "40.000000" : 10560,
            "50.000000" : 10816,
            "60.000000" : 10944,
            "70.000000" : 11200,
            "80.000000" : 11456,
            "90.000000" : 11968,
            "95.000000" : 13120,
            "99.000000" : 18560,
            "99.500000" : 24960,
            "99.900000" : 91648,
            "99.950000" : 419840,
            "99.990000" : 2277376
          }
        },
        "lat_ns" : {
          "min" : 7055,
          "max" : 3193455,
          "mean" : 14092.811463,
          "stddev" : 47706.661525
        },
        "bw_min" : 147161,
        "bw_max" : 156704,
        "bw_agg" : 99.581019,
        "bw_mean" : 153458.333333,
        "bw_dev" : 3912.887766,
        "bw_samples" : 6,
        "iops_min" : 36790,
        "iops_max" : 39176,
        "iops_mean" : 38364.333333,
        "iops_stddev" : 978.253478,
        "iops_samples" : 6
      },
      "trim" : {
        "io_bytes" : 0,
        "io_kbytes" : 0,
        "bw_bytes" : 0,
        "bw" : 0,
        "iops" : 0.000000,
        "runtime" : 0,
        "total_ios" : 0,
        "short_ios" : 0,
        "drop_ios" : 0,
        "slat_ns" : {
          "min" : 0,
          "max" : 0,
          "mean" : 0.000000,
          "stddev" : 0.000000
        },
        "clat_ns" : {
          "min" : 0,
          "max" : 0,
          "mean" : 0.000000,
          "stddev" : 0.000000,
          "percentile" : {
            "1.000000" : 0,
            "5.000000" : 0,
            "10.000000" : 0,
            "20.000000" : 0,
            "30.000000" : 0,
            "40.000000" : 0,
            "50.000000" : 0,
            "60.000000" : 0,
            "70.000000" : 0,
            "80.000000" : 0,
            "90.000000" : 0,
            "95.000000" : 0,
            "99.000000" : 0,
            "99.500000" : 0,
            "99.900000" : 0,
            "99.950000" : 0,
            "99.990000" : 0
          }
        },
        "lat_ns" : {
          "min" : 0,
          "max" : 0,
          "mean" : 0.000000,
          "stddev" : 0.000000
        },
        "bw_min" : 0,
        "bw_max" : 0,
        "bw_agg" : 0.000000,
        "bw_mean" : 0.000000,
        "bw_dev" : 0.000000,
        "bw_samples" : 0,
        "iops_min" : 0,
        "iops_max" : 0,
        "iops_mean" : 0.000000,
        "iops_stddev" : 0.000000,
        "iops_samples" : 0
      },
      "sync" : {
        "lat_ns" : {
          "min" : 0,
          "max" : 0,
          "mean" : 0.000000,
          "stddev" : 0.000000,
          "percentile" : {
            "1.000000" : 0,
            "5.000000" : 0,
            "10.000000" : 0,
            "20.000000" : 0,
            "30.000000" : 0,
            "40.000000" : 0,
            "50.000000" : 0,
            "60.000000" : 0,
            "70.000000" : 0,
            "80.000000" : 0,
            "90.000000" : 0,
            "95.000000" : 0,
            "99.000000" : 0,
            "99.500000" : 0,
            "99.900000" : 0,
            "99.950000" : 0,
            "99.990000" : 0
          }
        },
        "total_ios" : 0
      },
      "usr_cpu" : 31.863610,
      "sys_cpu" : 27.601411,
      "ctx" : 275327,
      "majf" : 5,
      "minf" : 8,
      "iodepth_level" : {
        "1" : 100.000000,
        "2" : 0.000000,
        "4" : 0.000000,
        "8" : 0.000000,
        "16" : 0.000000,
        "32" : 0.000000,
        ">=64" : 0.000000
      },
      "latency_ns" : {
        "2" : 0.000000,
        "4" : 0.000000,
        "10" : 0.000000,
        "20" : 0.000000,
        "50" : 0.000000,
        "100" : 0.000000,
        "250" : 0.000000,
        "500" : 0.000000,
        "750" : 0.000000,
        "1000" : 0.000000
      },
      "latency_us" : {
        "2" : 0.010000,
        "4" : 5.694962,
        "10" : 47.894287,
        "20" : 45.811081,
        "50" : 0.412369,
        "100" : 0.126648,
        "250" : 0.026321,
        "500" : 0.010000,
        "750" : 0.000000,
        "1000" : 0.010000
      },
      "latency_ms" : {
        "2" : 0.010000,
        "4" : 0.019836,
        "10" : 0.000000,
        "20" : 0.000000,
        "50" : 0.000000,
        "100" : 0.000000,
        "250" : 0.000000,
        "500" : 0.000000,
        "750" : 0.000000,
        "1000" : 0.000000,
        "2000" : 0.000000,
        ">=2000" : 0.000000
      },
      "latency_depth" : 1,
      "latency_target" : 0,
      "latency_percentile" : 100.000000,
      "latency_window" : 0
    }
  ]
}
